{
  "model1": {
    "const_coef": 3.150087646016234,
    "const_se": 2.53821970407666,
    "const_tstat": 1.2410618517210497,
    "const_pval": 0.21458290073678632,
    "const_ci_low": -1.8247315588239332,
    "const_ci_up": 8.124906850856402,
    "ffr_coef": -12.511213864104656,
    "ffr_se": 13.267270295641602,
    "ffr_tstat": -0.94301341461436,
    "ffr_pval": 0.3456740414472208,
    "ffr_ci_low": -38.51458581672027,
    "ffr_ci_up": 13.49215808851096,
    "r2": 0.022364501885926313,
    "adj_r2": 0.007323955761094458,
    "f_stat": 0.8892743001426348,
    "f_pval": 0.34916597339540834,
    "n": 67
  },
  "model2": {
    "r2": 0.5098151456788997,
    "adj_r2": 0.46963605925913743,
    "f_stat": 11.92124447423698,
    "f_pval": 4.5876464413082274e-08,
    "n": 67,
    "const": {
      "coef": 4.98898751696494,
      "se": 2.447290752042884,
      "tstat": 2.0385757241146627,
      "pval": 0.04149239009792576,
      "ci_low": 0.1923857832629432,
      "ci_up": 9.785589250666938
    },
    "fed_funds_change": {
      "coef": -12.684278381314108,
      "se": 9.946637091387826,
      "tstat": -1.275232851543024,
      "pval": 0.20222683677028153,
      "ci_low": -32.179328847724484,
      "ci_up": 6.810772085096268
    },
    "consumer_conf_change": {
      "coef": 0.7481489601398701,
      "se": 0.4571797895738343,
      "tstat": 1.636443642526863,
      "pval": 0.10174677159874428,
      "ci_low": -0.14790696188444563,
      "ci_up": 1.644204882164186
    },
    "disposable_income_change": {
      "coef": -0.590582307326739,
      "se": 0.8609743735024532,
      "tstat": -0.6859464410354558,
      "pval": 0.49274688311129333,
      "ci_low": -2.278061071003484,
      "ci_up": 1.0968964563500059
    },
    "inflation_change": {
      "coef": -12.935179973412806,
      "se": 6.567500728113978,
      "tstat": -1.9695741970823453,
      "pval": 0.04888719127331825,
      "ci_low": -25.807244868956786,
      "ci_up": -0.06311507786882764
    },
    "market_return": {
      "coef": 2.3846440957543775,
      "se": 0.32888710894995665,
      "tstat": 7.2506462882290235,
      "pval": 4.147876057337405e-13,
      "ci_low": 1.7400372072329615,
      "ci_up": 3.0292509842757935
    }
  },
  "model3": {
    "r2": 0.617190745319706,
    "adj_r2": 0.5187540798304875,
    "f_stat": 6.405039550764254,
    "f_pval": 2.5028108245427485e-05,
    "n": 45,
    "const": {
      "coef": 13.69998178808721,
      "se": 11.609264541285942,
      "tstat": 1.1800904130805243,
      "pval": 0.23796425717415082,
      "ci_low": -9.053758599831145,
      "ci_up": 36.45372217600557
    },
    "Mkt-RF": {
      "coef": 153.77696323418576,
      "se": 41.763940758963194,
      "tstat": 3.682051081378924,
      "pval": 0.00023136503728883592,
      "ci_low": 71.92114349415348,
      "ci_up": 235.63278297421803
    },
    "SMB": {
      "coef": 184.99021742345562,
      "se": 87.0069540458388,
      "tstat": 2.126154391360434,
      "pval": 0.03349040627801086,
      "ci_low": 14.459721089080034,
      "ci_up": 355.52071375783123
    },
    "HML": {
      "coef": -69.18712139606134,
      "se": 48.88116394309202,
      "tstat": -1.415414769513462,
      "pval": 0.1569469217265836,
      "ci_low": -164.9924422469196,
      "ci_up": 26.61819945479691
    },
    "MOM": {
      "coef": 26.191361045842363,
      "se": 81.47226373486814,
      "tstat": 0.32147579857454117,
      "pval": 0.7478498496641932,
      "ci_low": -133.49134161344793,
      "ci_up": 185.87406370513267
    },
    "VIX": {
      "coef": -0.4881402115603828,
      "se": 0.3979760305080287,
      "tstat": -1.2265568128242716,
      "pval": 0.21998920966067814,
      "ci_low": -1.268158898066333,
      "ci_up": 0.2918784749455673
    },
    "fed_funds_change": {
      "coef": -8.37701027306244,
      "se": 10.452002303718075,
      "tstat": -0.8014742084473613,
      "pval": 0.42285716947666463,
      "ci_low": -28.862558354679543,
      "ci_up": 12.108537808554663
    },
    "consumer_conf_change": {
      "coef": 0.06385800244604692,
      "se": 0.514992105307738,
      "tstat": 0.12399802208208224,
      "pval": 0.90131684112754,
      "ci_low": -0.9455079762795784,
      "ci_up": 1.0732239811716722
    },
    "disposable_income_change": {
      "coef": -0.4274515898072748,
      "se": 0.17805565645617052,
      "tstat": -2.4006627945150094,
      "pval": 0.016365409505974354,
      "ci_low": -0.7764342637050058,
      "ci_up": -0.07846891590954386
    },
    "inflation_change": {
      "coef": -9.708932978904361,
      "se": 7.664125747449059,
      "tstat": -1.2668024114995633,
      "pval": 0.2052259496270964,
      "ci_low": -24.73034341689064,
      "ci_up": 5.312477459081917
    }
  },
  "diagnostics": {
    "vif": {
      "fed_funds_change": 1.2585190325801205,
      "consumer_conf_change": 1.0691395001926611,
      "disposable_income_change": 1.0334612436953035,
      "inflation_change": 1.211912381344768,
      "market_return": 1.0358279017579823
    },
    "dw": 2.005343233292742,
    "bg_stat": 0.37796883633398004,
    "bg_pval": 0.9842405941820203,
    "bp_stat": 1.5917090521551733,
    "bp_pval": 0.9022501439203532,
    "white_stat": 14.227702129485543,
    "white_pval": 0.8187657363005499,
    "jb_stat": 1.7778160141861759,
    "jb_pval": 0.4111044308536004
  },
  "adf": {
    "bnpl_return": {
      "statistic": -7.6295154230091375,
      "pvalue": 2.0263491100465152e-11,
      "critical_5pct": -2.9064436883991434,
      "stationary": "True"
    },
    "fed_funds_change": {
      "statistic": -2.377306697800812,
      "pvalue": 0.1482441233378899,
      "critical_5pct": -2.9086446751210775,
      "stationary": "False"
    },
    "consumer_conf_change": {
      "statistic": -5.745832152149179,
      "pvalue": 6.124766826568931e-07,
      "critical_5pct": -2.9086446751210775,
      "stationary": "True"
    },
    "disposable_income_change": {
      "statistic": -14.899121023583918,
      "pvalue": 1.5164170048053804e-27,
      "critical_5pct": -2.9064436883991434,
      "stationary": "True"
    },
    "inflation_change": {
      "statistic": -4.044983025412254,
      "pvalue": 0.0011924444805375383,
      "critical_5pct": -2.907887369384766,
      "stationary": "True"
    },
    "market_return": {
      "statistic": -9.279884506227296,
      "pvalue": 1.259465214667834e-15,
      "critical_5pct": -2.9064436883991434,
      "stationary": "True"
    }
  },
  "robustness": {
    "two_year": {
      "coef": -17.833586729169447,
      "se": 8.243759204635623,
      "pval": 0.030519395690468354,
      "r2": 0.07921715510454752
    },
    "rolling": {
      "mean": -14.858778898042914,
      "std": 21.134544908626385,
      "n_windows": 43
    },
    "chow": {
      "break_date": "2022-03-01 00:00:00",
      "f_stat": 1.8183967101379723,
      "pval": 0.11237436354035224,
      "pre_coef": 12.481131380299296,
      "post_coef": -23.93509009105569
    },
    "firm_level": {
      "PYPL": {
        "coef": -5.0095675599870155,
        "se": 6.05789545686558,
        "pval": 0.4082662522105631,
        "r2": 0.4960413596068809
      },
      "AFRM": {
        "coef": -14.228347401568334,
        "se": 21.466743512232842,
        "pval": 0.5074529902184178,
        "r2": 0.36379301128463815
      },
      "SEZL": {
        "coef": -23.09693181735322,
        "se": 78.24640912816197,
        "pval": 0.7678548489043975,
        "r2": 0.4895665853799914
      }
    }
  }
}