Model,Coefficient,Std Error,t-statistic,p-value,95% CI Lower,95% CI Upper,R²,Adj R²,N
Model 1: Base,-12.511213864104656,13.267270295641602,-0.94301341461436,0.3456740414472208,-38.51458581672027,13.49215808851096,0.022364501885926313,0.007323955761094458,67
Model 2: Full,-12.684278381314108,9.946637091387826,-1.275232851543024,0.20222683677028153,-32.179328847724484,6.810772085096268,0.5098151456788997,0.46963605925913743,67
Model 3: Factor-Adjusted,-8.37701027306244,10.452002303718075,-0.8014742084473613,0.42285716947666463,-28.862558354679543,12.108537808554663,0.617190745319706,0.5187540798304875,45
