Treatment,Outcome,Treatment_Effect_Pct,New_York_Weight,Georgia_Weight,Louisiana_Weight,Florida_Weight,Illinois_Weight,Pennsylvania_Weight,Pre_RMSPE,P_Value
2015 Q2 (Program 2.0),Employment,3.4797925328481583,1.0,5.576906562215022e-13,0.0,1.6435073454493343e-13,2.1678086425810727e-13,0.0,0.9002301306679311,0.2857142857142857
2020 Q3 (Program 3.0),Employment,4.309304962716709,1.0,0.0,7.50115025883112e-12,5.387141064436692e-12,0.0,2.184399533891243e-12,0.9181512128131052,0.14285714285714285
