Treatment,Outcome,Treatment_Effect_Pct,New_York_Weight,Georgia_Weight,Louisiana_Weight,Florida_Weight,Illinois_Weight,Pennsylvania_Weight,Pre_RMSPE,P_Value
2015 Q2 (Program 2.0),Employment,3.479792532905135,1.0,1.9362654917124528e-13,0.0,4.4445773482717165e-14,1.6268993962813695e-13,0.0,0.9002301306723078,0.2857142857142857
2020 Q3 (Program 3.0),Employment,4.309304943678538,0.9999999999108816,2.4598611102850695e-10,5.85671172508106e-16,7.605141365244205e-11,0.0,0.0,0.9181512110729839,0.14285714285714285
